[
    {
        "id": 1,
        "emoji": ["A", "B"],
        "name": "Alien Monster A B",
        "description": "A friendly-looking, tentacled space creature with two eyes."
    },
    {
        "id": 2,
        "emoji": ["C", "D", "E", "N"],
        "name": "Avocado C D E N",
        "description": "A pear-shaped avocado, sliced in half to show its yellow-green flesh and a large brown pit."
    },
    {
        "id": 3,
        "emoji": ["F", "T", "G", "S"],
        "name": "French Fries F T G S",
        "description": "Thin-cut, golden-brown French fries, served in a red carton, as at McDonald’s."
    },
    {
        "id": 4,
        "emoji": ["P", "A", "S", "T"],
        "name": "Pizza P A S T",
        "description": "A slice of pepperoni pizza, topped with black olives on Google. WhatsApp adds green pepper, Samsung white onion."
    },
    {
        "id": 5,
        "emoji": ["P", "W", "A", "U"],
        "name": "Puzzle Piece P W A U",
        "description": "Puzzle Piece was approved as part of Unicode 11.0 in 2018 under the name “Jigsaw Puzzle Piece” and added to Emoji 11.0 in 2018."
    },
    {
        "id": 6,
        "emoji": ["R", "B", "P"],
        "name": "Rocket R B P",
        "description": "A rocket being propelled into space."
    },
    {
        "id": 7,
        "emoji": ["S", "O", "L"],
        "name": "Statue of Liberty S O L",
        "description": "The Statue of Liberty, often used as a depiction of New York City."
    },
    {
        "id": 8,
        "emoji": ["T", "B", "C"],
        "name": "Teddy Bear T B C",
        "description": "A classic teddy bear, as snuggled by a child when going to sleep."
    },
    {
        "id": 9,
        "emoji": ["U", "T", "F"],
        "name": "Unicorn U T F",
        "description": "The face of a unicorn, a mythical creature in the form of a white horse with a single, long horn on its forehead."
    },
    {
        "id": 10,
        "emoji": ["W", "T", "G"],
        "name": "Woman Technologist W T G",
        "description": "A woman behind a computer screen, working in the field of technology."
    },
    {
        "id": 11,
        "emoji": ["W", "M", "A"],
        "name": "World Map W M A",
        "description": "A rectangular map of the world. Generally depicted as a paper map creased at its folds, Earth’s surface shown in green on blue ocean."
    }
]
